Дата,день недели,6 А,6 А,6 Б,6 Б,6 В,6 В,7 А,7 А,7 Б,7 Б,7 В,7 В,7 Г,7 Г,7 Д,7 Д,8 А,8 А,8 Б,8 Б,8 В,8 В,8 Г,8 Г,8 Д,8 Д,9 А,9 А,9 Б,9 Б,9 В,9 В,9 Г,9 Г,9 Д,9 Д,10 А,10 А,10 Б,10 Б,10 В,10 В,10 Г,10 Г,10 Д,10 Д,11 А,11 А,11 Б,11 Б,11 В,11 В,11 Г,11 Г,11 Д,11 Д
2023-08-21,,,,,,,,,,,,,,,,,,,,,,,,,,,,консультация по физике (вступительные в 10-ый),консультация по физике (вступительные в 10-ый),консультация по физике (вступительные в 10-ый),консультация по физике (вступительные в 10-ый),консультация по физике (вступительные в 10-ый),консультация по физике (вступительные в 10-ый),консультация по физике (вступительные в 10-ый),консультация по физике (вступительные в 10-ый),консультация по физике (вступительные в 10-ый),консультация по физике (вступительные в 10-ый),,,,,,,,,,,,,,,,,,,,
2023-08-22,,,,,,,,,,,,,,,,,,,,,,,,,,,,,,,,,,,,,,,,,,,,,,,,,,,,,,,,,
2023-08-23,,,,,,,,,,,,,,,,,,,,,,,,,,,,Экзамен матпрофиль в 11:00,Экзамен матпрофиль в 11:00,Экзамен матпрофиль в 11:00,Экзамен матпрофиль в 11:00,Экзамен матпрофиль в 11:00,Экзамен матпрофиль в 11:00,Экзамен матпрофиль в 11:00,Экзамен матпрофиль в 11:00,Экзамен матпрофиль в 11:00,Экзамен матпрофиль в 11:00,,,,,,,,,,,,,,,,,,,,
2023-08-24,,,,,,,,,,,,,,,,,,,,,,,,,,,,,,,,,,,,,,,,,,,,,,,,,,,,,,,,,
2023-08-25,,,,,,,,,,,,,,,,,,,,,,,,,,,,Экзамен по физике (вступительные в 10-ый),Экзамен по физике (вступительные в 10-ый),Экзамен по физике (вступительные в 10-ый),Экзамен по физике (вступительные в 10-ый),Экзамен по физике (вступительные в 10-ый),Экзамен по физике (вступительные в 10-ый),Экзамен по физике (вступительные в 10-ый),Экзамен по физике (вступительные в 10-ый),Экзамен по физике (вступительные в 10-ый),Экзамен по физике (вступительные в 10-ый),,,,,,,,,,,,,,,,,,,,
2023-08-28,,,,,,,,,,,,,,,,,,,,,,,,,,,,Экзамен по инфоматике (вступительные в 10-ый)Экзамен по экономике в 11:00,Экзамен по инфоматике (вступительные в 10-ый)Экзамен по экономике в 11:00,Экзамен по инфоматике (вступительные в 10-ый)Экзамен по экономике в 11:00,Экзамен по инфоматике (вступительные в 10-ый)Экзамен по экономике в 11:00,Экзамен по инфоматике (вступительные в 10-ый)Экзамен по экономике в 11:00,Экзамен по инфоматике (вступительные в 10-ый)Экзамен по экономике в 11:00,Экзамен по инфоматике (вступительные в 10-ый)Экзамен по экономике в 11:00,Экзамен по инфоматике (вступительные в 10-ый)Экзамен по экономике в 11:00,Экзамен по инфоматике (вступительные в 10-ый)Экзамен по экономике в 11:00,Экзамен по инфоматике (вступительные в 10-ый)Экзамен по экономике в 11:00,,,,,,,,,,,,,,,,,,,,
2023-08-29,,,,,,,,,,,,,,,,,,,,,,,,,,,,,,,,,,,,,,,,,,,,,,,,,,,,,,,,,
2023-08-30,,,,,,,,,,,,,,,,,,,,,,,,,,,,,,,,,,,,,,,,,,,,,,,,,,,,,,,,,
2023-08-31,,,,,,,,,,,,,,,,,,,,,,,,,,,,,,,,,,,,,,,,,,,,,,,,,,,,,,,,,
2023-09-01,пятница,,,,,,,,,,,,,,,,,,,,,,,,,,,,,,,,,,,,,,,,,,,,,,,,,,,,,,,,
2023-09-02,суббота,,,,,,,,,,,,,,,,,,,,,,,,,,,,,,,,,,,,,,,,,,,,,,,,,,,,,,,,
2023-09-04,понедельник,,,,,,,,,,,,,,,,,Консультация по алгебре по академическим задолжностям в 15:45 в 33 кабинете Горюнова Н.В.,Консультация по алгебре по академическим задолжностям в 15:45 в 33 кабинете Горюнова Н.В.,Консультация по алгебре по академическим задолжностям в 15:45 в 33 кабинете Горюнова Н.В.,Консультация по алгебре по академическим задолжностям в 15:45 в 33 кабинете Горюнова Н.В.,Консультация по алгебре по академическим задолжностям в 15:45 в 33 кабинете Горюнова Н.В.,Консультация по алгебре по академическим задолжностям в 15:45 в 33 кабинете Горюнова Н.В.,Консультация по алгебре по академическим задолжностям в 15:45 в 33 кабинете Горюнова Н.В.,Консультация по алгебре по академическим задолжностям в 15:45 в 33 кабинете Горюнова Н.В.,Консультация по алгебре по академическим задолжностям в 15:45 в 33 кабинете Горюнова Н.В.,Консультация по алгебре по академическим задолжностям в 15:45 в 33 кабинете Горюнова Н.В.,Консультация по алгебре по академическим задолжностям в 15:45 в 30 кабинете Васянин С.И.,Консультация по алгебре по академическим задолжностям в 15:45 в 30 кабинете Васянин С.И.,Консультация по алгебре по академическим задолжностям в 15:45 в 30 кабинете Васянин С.И.,Консультация по алгебре по академическим задолжностям в 15:45 в 30 кабинете Васянин С.И.,Консультация по алгебре по академическим задолжностям в 15:45 в 30 кабинете Васянин С.И.,Консультация по алгебре по академическим задолжностям в 15:45 в 30 кабинете Васянин С.И.,Консультация по алгебре по академическим задолжностям в 15:45 в 30 кабинете Васянин С.И.,Консультация по алгебре по академическим задолжностям в 15:45 в 30 кабинете Васянин С.И.,Консультация по алгебре по академическим задолжностям в 15:45 в 30 кабинете Васянин С.И.,Консультация по алгебре по академическим задолжностям в 15:45 в 30 кабинете Васянин С.И.,,,,,,,,,,,Консультация по геометрии по академическим задолжностям в 16:30 в 36 кабинет Букин Д.Б.Консультация по алгебре по академическим задолжностям в 15:45 в 31 кабинет  Грехова Д.Д.,Консультация по геометрии по академическим задолжностям в 16:30 в 36 кабинет Букин Д.Б.Консультация по алгебре по академическим задолжностям в 15:45 в 31 кабинет  Грехова Д.Д.,Консультация по геометрии по академическим задолжностям в 16:30 в 36 кабинет Букин Д.Б.Консультация по алгебре по академическим задолжностям в 15:45 в 31 кабинет  Грехова Д.Д.,Консультация по геометрии по академическим задолжностям в 16:30 в 36 кабинет Букин Д.Б.Консультация по алгебре по академическим задолжностям в 15:45 в 31 кабинет  Грехова Д.Д.,Консультация по геометрии по академическим задолжностям в 16:30 в 36 кабинет Букин Д.Б.Консультация по алгебре по академическим задолжностям в 15:45 в 31 кабинет  Грехова Д.Д.,Консультация по геометрии по академическим задолжностям в 16:30 в 36 кабинет Букин Д.Б.Консультация по алгебре по академическим задолжностям в 15:45 в 31 кабинет  Грехова Д.Д.,Консультация по геометрии по академическим задолжностям в 16:30 в 36 кабинет Букин Д.Б.Консультация по алгебре по академическим задолжностям в 15:45 в 31 кабинет  Грехова Д.Д.,Консультация по геометрии по академическим задолжностям в 16:30 в 36 кабинет Букин Д.Б.Консультация по алгебре по академическим задолжностям в 15:45 в 31 кабинет  Грехова Д.Д.,Консультация по геометрии по академическим задолжностям в 16:30 в 36 кабинет Букин Д.Б.Консультация по алгебре по академическим задолжностям в 15:45 в 31 кабинет  Грехова Д.Д.,
2023-09-05,вторник,,,,,,,,,,,,,,,,,,,,,,,,,,,,,,,,,,,,,,,,,,,,,,,,,,,,,,,,
2023-09-06,среда,,,,,,,,,,,,,,,,,Консультация по геометрии по академическим задолжностям в 16:00 в 33 кабинете Малахов А.И.Консультация по физике и спец.физ. по академическим задолжностям в 15:45 в 415 кабинете Пылев И.С.,Консультация по геометрии по академическим задолжностям в 16:00 в 33 кабинете Малахов А.И.Консультация по физике и спец.физ. по академическим задолжностям в 15:45 в 415 кабинете Пылев И.С.,Консультация по геометрии по академическим задолжностям в 16:00 в 33 кабинете Малахов А.И.Консультация по физике и спец.физ. по академическим задолжностям в 15:45 в 415 кабинете Пылев И.С.,Консультация по геометрии по академическим задолжностям в 16:00 в 33 кабинете Малахов А.И.Консультация по физике и спец.физ. по академическим задолжностям в 15:45 в 415 кабинете Пылев И.С.,Консультация по геометрии по академическим задолжностям в 16:00 в 33 кабинете Малахов А.И.Консультация по физике и спец.физ. по академическим задолжностям в 15:45 в 415 кабинете Пылев И.С.,Консультация по геометрии по академическим задолжностям в 16:00 в 33 кабинете Малахов А.И.Консультация по физике и спец.физ. по академическим задолжностям в 15:45 в 415 кабинете Пылев И.С.,Консультация по геометрии по академическим задолжностям в 16:00 в 33 кабинете Малахов А.И.Консультация по физике и спец.физ. по академическим задолжностям в 15:45 в 415 кабинете Пылев И.С.,Консультация по геометрии по академическим задолжностям в 16:00 в 33 кабинете Малахов А.И.Консультация по физике и спец.физ. по академическим задолжностям в 15:45 в 415 кабинете Пылев И.С.,Консультация по геометрии по академическим задолжностям в 16:00 в 33 кабинете Малахов А.И.Консультация по физике и спец.физ. по академическим задолжностям в 15:45 в 415 кабинете Пылев И.С.,,,,,,,,,,,,,,,,,,,,,,,,,,,,,,,
2023-09-07,четверг,,,,,,,,,,,,,,,,,,,,,,,,,,,Консультация по геометрия по академическим задолжностям в 15:45 в 34 кабинете  Копылова А.В.,Консультация по геометрия по академическим задолжностям в 15:45 в 34 кабинете  Копылова А.В.,Консультация по геометрия по академическим задолжностям в 15:45 в 34 кабинете  Копылова А.В.,Консультация по геометрия по академическим задолжностям в 15:45 в 34 кабинете  Копылова А.В.,Консультация по геометрия по академическим задолжностям в 15:45 в 34 кабинете  Копылова А.В.,Консультация по геометрия по академическим задолжностям в 15:45 в 34 кабинете  Копылова А.В.,Консультация по геометрия по академическим задолжностям в 15:45 в 34 кабинете  Копылова А.В.,Консультация по геометрия по академическим задолжностям в 15:45 в 34 кабинете  Копылова А.В.,Консультация по геометрия по академическим задолжностям в 15:45 в 34 кабинете  Копылова А.В.,,,,,,,,,,,,,,,,,,,,,
2023-09-08,пятница,,,,,,,,,,,,,,,,,,,,,,,,,,,16.30 Консультация по а/з по русскому языку Петрухина ЮБ каб  309,,,,16.30 Консультация по а/з по русскому языку Петрухина ЮБ каб 309,,,,,,,,,,,,,,,,,,,,,,,,,
2023-09-09,суббота,,,,,,,,,,,,,,,,,,,,,,,,,,,,,,,,,,,,,,,,,,,,,,,,,,,,,,,,
2023-09-11,понедельник,,,,,,,,,,,,,,,,,,,,,,,,,,,,,,,,,,,,,,,,,,,,,,,,,,,,,,,,
2023-09-12,вторник,,,Стартовый контроль по русскому языку,,Стартовый контроль по русскому языку,,,,,,,,,,,,Пересдача АЗ математика с 10:50 до 12:50,Пересдача АЗ математика с 10:50 до 12:50,Пересдача АЗ математика с 10:50 до 12:50,Пересдача АЗ математика с 10:50 до 12:50,Пересдача АЗ математика с 10:50 до 12:50,Пересдача АЗ математика с 10:50 до 12:50,Пересдача АЗ математика с 10:50 до 12:50,Пересдача АЗ математика с 10:50 до 12:50,Пересдача АЗ математика с 10:50 до 12:50,Пересдача АЗ математика с 10:50 до 12:50,Пересдача АЗ математика с 10:50 до 12:50,Пересдача АЗ математика с 10:50 до 12:50,Пересдача АЗ математика с 10:50 до 12:50,Пересдача АЗ математика с 10:50 до 12:50,Пересдача АЗ математика с 10:50 до 12:50,Пересдача АЗ математика с 10:50 до 12:50,Пересдача АЗ математика с 10:50 до 12:50,Пересдача АЗ математика с 10:50 до 12:50,Пересдача АЗ математика с 10:50 до 12:50,Пересдача АЗ математика с 10:50 до 12:50,,,,,,,,,,,,,,,,,,,,
2023-09-13,среда,,,,,,,,,,,,,,,,,Русский язык пересдача АЗ с 10:50 до 12:30 в 31 к.,Русский язык пересдача АЗ с 10:50 до 12:30 в 31 к.,Русский язык пересдача АЗ с 10:50 до 12:30 в 31 к.,Русский язык пересдача АЗ с 10:50 до 12:30 в 31 к.,Русский язык пересдача АЗ с 10:50 до 12:30 в 31 к.,Русский язык пересдача АЗ с 10:50 до 12:30 в 31 к.,Русский язык пересдача АЗ с 10:50 до 12:30 в 31 к.,Русский язык пересдача АЗ с 10:50 до 12:30 в 31 к.,Русский язык пересдача АЗ с 10:50 до 12:30 в 31 к.,Русский язык пересдача АЗ с 10:50 до 12:30 в 31 к.,Русский язык пересдача АЗ с 10:50 до 12:30 в 31 к.,Русский язык пересдача АЗ с 10:50 до 12:30 в 31 к.,Русский язык пересдача АЗ с 10:50 до 12:30 в 31 к.,Русский язык пересдача АЗ с 10:50 до 12:30 в 31 к.,Русский язык пересдача АЗ с 10:50 до 12:30 в 31 к.,Русский язык пересдача АЗ с 10:50 до 12:30 в 31 к.,Русский язык пересдача АЗ с 10:50 до 12:30 в 31 к.,Русский язык пересдача АЗ с 10:50 до 12:30 в 31 к.,Русский язык пересдача АЗ с 10:50 до 12:30 в 31 к.,Русский язык пересдача АЗ с 10:50 до 12:30 в 31 к.,,,,,,,,,,,,,,,,,,,,
2023-09-14,четверг,,,,,,,ОТБОРОЧНАЯ ОЛИМПИАДА НА КРУЖОК по математике,ОТБОРОЧНАЯ ОЛИМПИАДА НА КРУЖОК по математике,ОТБОРОЧНАЯ ОЛИМПИАДА НА КРУЖОК по математике,ОТБОРОЧНАЯ ОЛИМПИАДА НА КРУЖОК по математике,ОТБОРОЧНАЯ ОЛИМПИАДА НА КРУЖОК по математике,ОТБОРОЧНАЯ ОЛИМПИАДА НА КРУЖОК по математике,ОТБОРОЧНАЯ ОЛИМПИАДА НА КРУЖОК по математике,ОТБОРОЧНАЯ ОЛИМПИАДА НА КРУЖОК по математике,ОТБОРОЧНАЯ ОЛИМПИАДА НА КРУЖОК по математике,ОТБОРОЧНАЯ ОЛИМПИАДА НА КРУЖОК по математике,,,,,,,,,,,,,,,,,,,,,,,,,,,,,,,,,,,,,,,,
2023-09-15,пятница,,,,,,,Стартовый контроль по русскому языку,Стартовый контроль по русскому языку,Стартовый контроль по русскому языку,Стартовый контроль по русскому языку,Стартовый контроль по русскому языку,Стартовый контроль по русскому языку,,,,,,,,,,,,,,,,,,,,,,,,,ВХОДНАЯ КОНТРОЛЬНАЯ РАБОТА ПО АЛГЕБРЕ,ВХОДНАЯ КОНТРОЛЬНАЯ РАБОТА ПО АЛГЕБРЕ,ВХОДНАЯ КОНТРОЛЬНАЯ РАБОТА ПО АЛГЕБРЕ,ВХОДНАЯ КОНТРОЛЬНАЯ РАБОТА ПО АЛГЕБРЕ,ВХОДНАЯ КОНТРОЛЬНАЯ РАБОТА ПО АЛГЕБРЕ,ВХОДНАЯ КОНТРОЛЬНАЯ РАБОТА ПО АЛГЕБРЕ,ВХОДНАЯ КОНТРОЛЬНАЯ РАБОТА ПО АЛГЕБРЕ,ВХОДНАЯ КОНТРОЛЬНАЯ РАБОТА ПО АЛГЕБРЕ,ВХОДНАЯ КОНТРОЛЬНАЯ РАБОТА ПО АЛГЕБРЕ,ВХОДНАЯ КОНТРОЛЬНАЯ РАБОТА ПО АЛГЕБРЕ,Пересдача АЗ геометрия в 15:30,Пересдача АЗ геометрия в 15:30,Пересдача АЗ геометрия в 15:30,Пересдача АЗ геометрия в 15:30,Пересдача АЗ геометрия в 15:30,Пересдача АЗ геометрия в 15:30,Пересдача АЗ геометрия в 15:30,Пересдача АЗ геометрия в 15:30,Пересдача АЗ геометрия в 15:30,Пересдача АЗ геометрия в 15:30
2023-09-16,суббота,Стартовый контроль по русскому языку,,,,,,,,,,,,,,,,,,,,,,,,,,,,,,,,,,,,,,,,,,,,,,,,,,,,,,,
2023-09-18,понедельник,,,,,,,,,,,,,7д Стартовый контроль по русскому языку,7д Стартовый контроль по русскому языку,7д Стартовый контроль по русскому языку,7д Стартовый контроль по русскому языку,Пересдача АЗ по физике и практфизу в 16:00 в 409 каб.и 412 каб.,Пересдача АЗ по физике и практфизу в 16:00 в 409 каб.и 412 каб.,Пересдача АЗ по физике и практфизу в 16:00 в 409 каб.и 412 каб.,Пересдача АЗ по физике и практфизу в 16:00 в 409 каб.и 412 каб.,Пересдача АЗ по физике и практфизу в 16:00 в 409 каб.и 412 каб.,Пересдача АЗ по физике и практфизу в 16:00 в 409 каб.и 412 каб.,Пересдача АЗ по физике и практфизу в 16:00 в 409 каб.и 412 каб.,Пересдача АЗ по физике и практфизу в 16:00 в 409 каб.и 412 каб.,Пересдача АЗ по физике и практфизу в 16:00 в 409 каб.и 412 каб.,Пересдача АЗ по физике и практфизу в 16:00 в 409 каб.и 412 каб.,Пересдача АЗ по физике и практфизу в 16:00 в 409 каб.и 412 каб.,Пересдача АЗ по физике и практфизу в 16:00 в 409 каб.и 412 каб.,Пересдача АЗ по физике и практфизу в 16:00 в 409 каб.и 412 каб.,Пересдача АЗ по физике и практфизу в 16:00 в 409 каб.и 412 каб.,Пересдача АЗ по физике и практфизу в 16:00 в 409 каб.и 412 каб.,Пересдача АЗ по физике и практфизу в 16:00 в 409 каб.и 412 каб.,Пересдача АЗ по физике и практфизу в 16:00 в 409 каб.и 412 каб.,Пересдача АЗ по физике и практфизу в 16:00 в 409 каб.и 412 каб.,Пересдача АЗ по физике и практфизу в 16:00 в 409 каб.и 412 каб.,Пересдача АЗ по физике и практфизу в 16:00 в 409 каб.и 412 каб.,,,,,,,,,,,Работа в формате ЕГЭ по математике,Работа в формате ЕГЭ по математике,Работа в формате ЕГЭ по математике,Работа в формате ЕГЭ по математике,Работа в формате ЕГЭ по математике,Работа в формате ЕГЭ по математике,Работа в формате ЕГЭ по математике,Работа в формате ЕГЭ по математике,Работа в формате ЕГЭ по математике,Работа в формате ЕГЭ по математике
2023-09-19,вторник,,,,,,,,,,,,,,,,,,,,,,,,,Стартовый контроль по русскому языку,,Стартовая диагностическая работа по математике,Стартовая диагностическая работа по математике,Стартовая диагностическая работа по математике,Стартовая диагностическая работа по математике,Стартовая диагностическая работа по математике,Стартовая диагностическая работа по математике,Стартовая диагностическая работа по математике,Стартовая диагностическая работа по математике,Стартовая диагностическая работа по математике,Стартовая диагностическая работа по математике,,,,,,,,,,,,,,,,,,,,
2023-09-20,среда,,,,,,,,,,,,,,,,,,,,,,,,,,,,,,,,,,,,,,,,,,,,,,,Работа в формате ЕГЭ по русскому языку,Работа в формате ЕГЭ по русскому языку,Работа в формате ЕГЭ по русскому языку,Работа в формате ЕГЭ по русскому языку,Работа в формате ЕГЭ по русскому языку,Работа в формате ЕГЭ по русскому языку,Работа в формате ЕГЭ по русскому языку,Работа в формате ЕГЭ по русскому языку,Работа в формате ЕГЭ по русскому языку,Работа в формате ЕГЭ по русскому языку
2023-09-21,четверг,,,Контр. диктант,,Контр. диктант,,,,,,,,,,,,,,,,,,,,,,,,,,,,,,,,,,,,,,,,,,,,,,,,,,,
2023-09-22,пятница,,,,,,,Входной срез по алгебре,Входной срез по алгебре,Входной срез по алгебре,Входной срез по алгебре,Входной срез по алгебре,Входной срез по алгебре,,,,,Стартовый контроль по русскому языку,Стартовый контроль по русскому языку,Стартовый контроль по русскому языку,Стартовый контроль по русскому языку,Стартовый контроль по русскому языку,Стартовый контроль по русскому языку,,,,,,,Физика КР,,,,,,,,,,,,,,,,,,,,,,,,,,,
2023-09-23,суббота,,,,,,,,,,,,,Стартовый контроль по русскому языку,,,,,,,,,,,,,,,,,,,,,,,,,,,,,,,,,,,,,,,,,,,
2023-09-25,понедельник,,,,,,,,,,,,,,,,,Пересдача АЗ по геометрии,Пересдача АЗ по геометрии,Пересдача АЗ по геометрии,Пересдача АЗ по геометрии,Пересдача АЗ по геометрии,Пересдача АЗ по геометрии,Пересдача АЗ по геометрии,Пересдача АЗ по геометрии,Пересдача АЗ по геометрии,Пересдача АЗ по геометрии,,,,,Физика КР,,,,,,,,,,,,,,,,,,,,,,,,,
2023-09-26,вторник,,,,,,,,,,,,,,,,,,,,,,,,,,,,,,,,,,,,,,,Сочинение по литературе,,,,,,,,,,,,,,,,,
2023-09-27,среда,,,,,,,,,,,,,,,,,,,,,,,,,,,МЦКО русский язык,МЦКО русский язык,МЦКО русский язык,МЦКО русский язык,МЦКО русский язык,МЦКО русский язык,МЦКО русский язык,МЦКО русский язык,МЦКО русский язык,МЦКО русский язык,Пылева (физмат профиль) - контрольная работа по физике,Пылева (физмат профиль) - контрольная работа по физике,Пылева (физмат профиль) - контрольная работа по физике,Пылева (физмат профиль) - контрольная работа по физике,Пылева (физмат профиль) - контрольная работа по физике,Пылева (физмат профиль) - контрольная работа по физике,Пылева (физмат профиль) - контрольная работа по физике,Пылева (физмат профиль) - контрольная работа по физике,Пылева (физмат профиль) - контрольная работа по физике,Пылева (физмат профиль) - контрольная работа по физике,,,,,,,,,,
2023-09-28,четверг,,,,,,,,,,,,,,,,,,,,,,,,,,,,,Пересдача АЗ по геометрии,Пересдача АЗ по геометрии,,,,,,,,,,,,,,,,,,,,,,,,,,
2023-09-29,пятница,,,,,,,,,,,,,,,,,,,,,,,алгебра,,,,,,,,,,,,,,,,,,,,,,,,,,,,,,,,,
2023-09-30,суббота,,,,,,,,,,,,,,,,,,,,,,,,,,,,,,,,,,,,,,,,,,,,,,,,,,,,,,,,
2023-10-02,понедельник,,,,,Математика,,,,,,,,,,,,Алгебра,,,,алгебра,,,,алгебра,,,,,,,,,,,,,,,,,,,,,,,,,,Алгебра,,"""к/ р по истории """"Вторая мировая война и Великая Отечественная война""""""","""к/ р по истории """"Вторая мировая война и Великая Отечественная война""""""","""к/ р по истории """"Вторая мировая война и Великая Отечественная война""""""","""к/ р по истории """"Вторая мировая война и Великая Отечественная война"""""""
2023-10-03,вторник,,,,,,,,,,,,,,,,,,,Алгебра,тест англ.яз (2я гр),,,,,,,,,,,,,алгебра-работа,,,,,,,,,,Контрольная по алгебре,Контрольная по алгебре,,,,,,,,,,,,
2023-10-04,среда,,,,,,,,,,,,,,,,,,,,,,,,,,,,,,,,,,,,,,,,,,,,,,,,,,,,,,,,
2023-10-05,четверг,,,Алгебра,,,,ОТБОР НА УТЮМ И КОСТРОМУ,ОТБОР НА УТЮМ И КОСТРОМУ,ОТБОР НА УТЮМ И КОСТРОМУ,ОТБОР НА УТЮМ И КОСТРОМУ,ОТБОР НА УТЮМ И КОСТРОМУ,ОТБОР НА УТЮМ И КОСТРОМУ,ОТБОР НА УТЮМ И КОСТРОМУ,ОТБОР НА УТЮМ И КОСТРОМУ,ОТБОР НА УТЮМ И КОСТРОМУ,ОТБОР НА УТЮМ И КОСТРОМУ,,,,,,,,,,,,,,,,,,,,,,,,,,,,,,,,,,,,,,,,
2023-10-06,пятница,,,,,,,,,,,,,,,,,Срезовая работа по спецмату,Срезовая работа по спецмату,Срезовая работа по спецмату,Срезовая работа по спецмату,Срезовая работа по спецмату,Срезовая работа по спецмату,Срезовая работа по спецмату,Срезовая работа по спецмату,Срезовая работа по спецмату,Срезовая работа по спецмату,,,Физика КР,,,,,,,,,,,,,,,,,,,,,,,,,,,
2023-10-07,суббота,История,,История,,История,,,,,,,,,,,,,,,,,,,,,,,,,,Физика КР,Геометрия КР,спецмат-работа,,,,Физич. профиль КР,,Физич. профиль КР,,Физич. профиль КР,,Физич. профиль КР,,Физич. профиль КР,,,,,,,,,,,
2023-10-16,понедельник,,,,,,,,,,,,,,,,,,,,,,,,,,,,,,,,,,,,,,,,,,,,,,,,,,,,,,,,
2023-10-17,вторник,,,,,,,,,кр англ.яз.,кр англ.яз.,,,,,,,,,,,,,,,,,,,,,,,алгебра-работа,,,,,,,,,,,,,,,,,,,,,,,
2023-10-18,среда,,,,,,,,,,,,,,,,,Кр по физике,,Кр по физике,,,,,,Кр по физике,,,,,,,,,,,,,,,,,,,,,,Геометрия,,,,Геометрия,,,,,
2023-10-19,четверг,,,,,,,,,,,,,,,,,,,,,,,,,,,,,,,,,,,,,,,,,,,Контрольная по геометрии,Контрольная по геометрии,,,,,,,,,,,,
2023-10-20,пятница,,,,,,,,,,,,,,,,,,,,,,,,,,,,,,,,,,,,,,,,,,,,,,,,,,,,,,,,
2023-10-21,суббота,,,,,,,,,,,,,,,,,,,,,,,,,,,,,,,,,,,,,,,,,,,,,,,,,,,,,,,,
2023-10-23,понедельник,,,,,,,,,,,,,КР Физика,,,,МЦКО информационная безопасность,МЦКО информационная безопасность,МЦКО информационная безопасность,МЦКО информационная безопасность,МЦКО информационная безопасность,МЦКО информационная безопасность,МЦКО информационная безопасность,МЦКО информационная безопасность,МЦКО информационная безопасность,МЦКО информационная безопасность,,,,,,,,,,,,,,,,,,,,,3 пара - Панкратьев А. Е.  Подготовка к ЕГЭ по математике,3 пара - Панкратьев А. Е.  Подготовка к ЕГЭ по математике,3 пара - Панкратьев А. Е.  Подготовка к ЕГЭ по математике,3 пара - Панкратьев А. Е.  Подготовка к ЕГЭ по математике,3 пара - Панкратьев А. Е.  Подготовка к ЕГЭ по математике,3 пара - Панкратьев А. Е.  Подготовка к ЕГЭ по математике,3 пара - Панкратьев А. Е.  Подготовка к ЕГЭ по математике,3 пара - Панкратьев А. Е.  Подготовка к ЕГЭ по математике,3 пара - Панкратьев А. Е.  Подготовка к ЕГЭ по математике,3 пара - Панкратьев А. Е.  Подготовка к ЕГЭ по математике
2023-10-24,вторник,,,,,Математика,,,,,,,,,,,,,,Геометрия,,,,,,,,МЦКО математика (углубленный уровень),МЦКО математика (углубленный уровень),МЦКО математика (углубленный уровень),МЦКО математика (углубленный уровень),МЦКО математика (углубленный уровень),МЦКО математика (углубленный уровень),МЦКО математика (углубленный уровень),МЦКО математика (углубленный уровень),МЦКО математика (углубленный уровень),МЦКО математика (углубленный уровень),,,,,,,,,,,,,,,,,,,,
2023-10-25,среда,,,,,,,,,,,,,,,,,,,,,,,,,,,,,,,,,,,,,,,,,,,,,,,,,,,,,,,,
2023-10-26,четверг,,,,,,,,,,,,,,,,,,,,,,,,,,,,,,,,,,,,,МЦКО информационная безопасность,МЦКО информационная безопасность,МЦКО информационная безопасность,МЦКО информационная безопасность,МЦКО информационная безопасность,МЦКО информационная безопасность,МЦКО информационная безопасность,МЦКО информационная безопасность,МЦКО информационная безопасность,МЦКО информационная безопасность,Базовая физика (Пылева). Контрольная работа,Базовая физика (Пылева). Контрольная работа,Базовая физика (Пылева). Контрольная работа,Базовая физика (Пылева). Контрольная работа,Базовая физика (Пылева). Контрольная работа,Базовая физика (Пылева). Контрольная работа,Базовая физика (Пылева). Контрольная работа,Базовая физика (Пылева). Контрольная работа,,
2023-10-27,пятница,,,,,,,,,,,,,,,,,,кр по химии,,,,,,,кр по химии,,,,зачёт обществознание,,зачёт обществознание,,,,,,,,,,,,,,,,,,,,,,,,,
2023-10-28,суббота,,,,,,,,,,,,,,,,,,,,,,,кр по химии,,,,,,,,,,,,,,,,,,,,,,,,,,,,,,,,,
2023-10-30,понедельник,,,,,,,,,,,,,СР Физика,,,,,,,,,,,,,,,,,,,,,,,,,,,,,,,,,,,,,,,,,,,
2023-10-31,вторник,,,,,,,,,,,,,,,,,,,,,,,,,,,,,,,,,,,,,,,,,,,,,,,,,,,,,,,,
2023-11-01,среда,,,,,,,,,,,,,,,,,,,,,,,,,,,,,,,,,,,,,,Пылева (физмат профиль) - контрольная работа по физике,,,,,,,,,,,,,,,,,,
2023-11-02,четверг,,,,,,,,,,,,,,,,,,,,,,,,,,,,,,,,,,,,,,,,,,,,,,,,,,,,,,,,
2023-11-03,пятница,,,,,,,,,,,,,Зачет Физика,,,,,,,кр по химии,,,,,,,,,,,,,,,,,,,,,,,,,,,,,,,,,,,,
2023-11-06,понедельник,,,,,,,,,,,,,,,,,,,,,,,,,,,,,,,,,,,,,,,,,,,,,,,,,,,,,,,,
2023-11-07,вторник,,,,,,,,,,,,,,,,,сочинение,сочинение,,,зачет по физике,зачет по физике,,,,,,,,,,,,,,,,,,,,,,,,,,,,,,,,,,
2023-11-08,среда,МЦКО функциональная грамотность (читательская грамотность),МЦКО функциональная грамотность (читательская грамотность),МЦКО функциональная грамотность (читательская грамотность),МЦКО функциональная грамотность (читательская грамотность),МЦКО функциональная грамотность (читательская грамотность),МЦКО функциональная грамотность (читательская грамотность),,,,,Консультация к зачету по физике,,,,Контрольная по алгебре,кр информатика,Алгебра,,,,,,,,,,,,Физика КР,,Физика КР,,,,,,,,,,,,,,,,,,,,Алгебра,,,,,
2023-11-09,четверг,,,,,,,,,,,,,,,,,,,Алгебра,,,,,,,,зачет по физике,,,,,,,,,,,,,,,,,,,,,,,,,,,,,
2023-11-10,пятница,,,,,,,,,,,,,кр информатика,,,,,,,,,,зачет по физике,зачет по физике,,,Работа в формате ОГЭ по русскому языку (Статград),Работа в формате ОГЭ по русскому языку (Статград),Работа в формате ОГЭ по русскому языку (Статград),Работа в формате ОГЭ по русскому языку (Статград),Работа в формате ОГЭ по русскому языку (Статград),Работа в формате ОГЭ по русскому языку (Статград),Работа в формате ОГЭ по русскому языку (Статград),Работа в формате ОГЭ по русскому языку (Статград),Работа в формате ОГЭ по русскому языку (Статград),Работа в формате ОГЭ по русскому языку (Статград),,,,,,,,,,,,,,,,,,,,
2023-11-11,суббота,,,,,,,,,,,,,,,,,зачет по физике,зачет по физике,Геометрия,,сочинение,сочинение,,,сочинение,сочинение,к.р. по физике,,,,кр геометрия,,,,,,,,,,,,,,,,Базовая физика у экономистов (Пылева). Контрольная работа,Базовая физика у экономистов (Пылева). Контрольная работа,Базовая физика у экономистов (Пылева). Контрольная работа,Базовая физика у экономистов (Пылева). Контрольная работа,Базовая физика у экономистов (Пылева). Контрольная работа,Базовая физика у экономистов (Пылева). Контрольная работа,Базовая физика у экономистов (Пылева). Контрольная работа,Базовая физика у экономистов (Пылева). Контрольная работа,,
2023-11-13,понедельник,К/р Русский,,,,,,русский язык,,русский язык,,Практфиз: семестровая контрольная работа,Практфиз: семестровая контрольная работа,,,,,русский язык,,зачет по физике,зачет по физике,русский язык,,,,русский язык,,,,,,,,,,,,Диспансеризация,Диспансеризация,Диспансеризация,Диспансеризация,Диспансеризация,Диспансеризация,Диспансеризация,Диспансеризация,Диспансеризация,Диспансеризация,,,,,,,,,,
2023-11-14,вторник,,,,,,,,,,,русский язык,,,,,,,,,,,,,,,,,,,,,,,,,,,,,,,,,,,,,,,,,,,,,
2023-11-15,среда,,,,,кр информатика,,зачет физика,,,,Зачет по физике,,,,,,,,,,,,,,,,,,,,,,кр спецмат,,,,,,,,,,,,,,Геометрия,,,,Геометрия,,,,,
2023-11-16,четверг,кр информатика,,,,,,,,,,,,,,,,,,,,,,,,зачет по физике,зачет по физике,,,проект по истории,,,,,,,,,,,,,,,,,,Тренировочный ЕГЭ по математике,Тренировочный ЕГЭ по математике,Тренировочный ЕГЭ по математике,Тренировочный ЕГЭ по математике,Тренировочный ЕГЭ по математике,Тренировочный ЕГЭ по математике,Тренировочный ЕГЭ по математике,Тренировочный ЕГЭ по математике,Тренировочный ЕГЭ по математике,Тренировочный ЕГЭ по математике
2023-11-17,пятница,,,,,,,,,,,,,,,,,,,,,,,,,,,огэ английский,,огэ английский,,огэ английский,,огэ английский,,огэ английский,,,,,,,,,,,,,,,,,,,,,
2023-11-27,понедельник,,,,,,,,,,,,,,,,,изложение,изложение,,,,,,,,,,,,,,,Зачет Физика,Зачет Физика,,,,,,,,,,,,,,,,,,,,,,
2023-11-28,вторник,,,,,,,,,,,,,,,,,,,,,,,,,изложение,изложение,,,,,,,,,,,,,,,,,,,,,,,,,,,,,,
2023-11-29,среда,,,,,,,,,,,,,,,,,,,,,контрольная работа по геометрии,контрольная работа по геометрии,,,контрольная работа по геометрии,контрольная работа по геометрии,,,Физика КР,,Физика КР,,,,,,Пылева (физмат профиль) - контрольная работа по физике,Пылева (физмат профиль) - контрольная работа по физике,Пылева (физмат профиль) - контрольная работа по физике,Пылева (физмат профиль) - контрольная работа по физике,Пылева (физмат профиль) - контрольная работа по физике,Пылева (физмат профиль) - контрольная работа по физике,Пылева (физмат профиль) - контрольная работа по физике,Пылева (физмат профиль) - контрольная работа по физике,Пылева (физмат профиль) - контрольная работа по физике,Пылева (физмат профиль) - контрольная работа по физике,,,,,,,,,,
2023-11-30,четверг,,,,,,,,,,,,,,,,,,,,,,,,,,,,,,,,,кр физика,,,,,,,,,,,,,,егэ английский,Пылева (не ЕГЭ) - контрольная по физике,Пылева (не ЕГЭ) - контрольная по физике,Пылева (не ЕГЭ) - контрольная по физике,Пылева (не ЕГЭ) - контрольная по физике,Пылева (не ЕГЭ) - контрольная по физике,Пылева (не ЕГЭ) - контрольная по физике,Пылева (не ЕГЭ) - контрольная по физике,Пылева (не ЕГЭ) - контрольная по физике,Пылева (не ЕГЭ) - контрольная по физике
2024-12-01,пятница,,,,,,,,,,,,,,,,,,,,,изложение,изложение,,,,,,,,,,,,,,,,,,,,,Контрольная по алгебре,Контрольная по алгебре,,,,,,,,,,,,
2024-12-02,суббота,,,КР алгебра,,,,,,,,,,,,Контрольная по геометрии,Контрольная по геометрии,,,,,,,,,,,,,,,,,,,,,Физика КР (физ профиль),,Физика КР(физ профиль),,Физика КР(физ профиль),,Физика КР(физ профиль),,Физика КР(физ профиль),,ЕГКР английский язык (устный),ЕГКР английский язык (устный),ЕГКР английский язык (устный),ЕГКР английский язык (устный),ЕГКР английский язык (устный),ЕГКР английский язык (устный),ЕГКР английский язык (устный),ЕГКР английский язык (устный),ЕГКР английский язык (устный),ЕГКР английский язык (устный)
2024-12-04,понедельник,,,,,,,,,,,,,,,,,,,,,Зачёт по информатике,Зачёт по информатике,,,,,,,Зачет Физика,,,,история кр,,,,,,,,,,,,,,,,,,,,,,,
2024-12-05,вторник,МЦКО резерв функциональная грамотность (читательская грамотность),МЦКО резерв функциональная грамотность (читательская грамотность),МЦКО резерв функциональная грамотность (читательская грамотность),МЦКО резерв функциональная грамотность (читательская грамотность),МЦКО резерв функциональная грамотность (читательская грамотность),МЦКО резерв функциональная грамотность (читательская грамотность),,,,,,,,,,,,,Зачёт по информатике гр. Морозовой,Зачёт по информатике гр. Морозовой,,,,,,,,,,,,,,,,,,,,,,,,,,,,,,,,,,,,
2024-12-07,четверг,,,,,,,,,,,,,,,,,,,,,,,Зачет по информатике гр.Пенкиной,,,,,,история кр,,Зачет Физика,,,,,,,,,,,,,,,,ЕГКР английский язык ЕГКР Биология,ЕГКР английский язык ЕГКР Биология,ЕГКР английский язык ЕГКР Биология,ЕГКР английский язык ЕГКР Биология,ЕГКР английский язык ЕГКР Биология,ЕГКР английский язык ЕГКР Биология,ЕГКР английский язык ЕГКР Биология,ЕГКР английский язык ЕГКР Биология,ЕГКР английский язык ЕГКР Биология,ЕГКР английский язык ЕГКР Биология
2024-12-08,пятница,,,,,,,,,,,,,,,,,,,,,,,,,Зачет по информатике гр.Пенкиной,,,,,,,,,,история кр,,,,,,,,,,,,,,,,,,,,,
2024-12-09,суббота,,,,,,,,,,,,,,,,,Зачёт по информатике гр. Морозовойсрез по физике,Зачёт по информатике гр. Морозовойсрез по физике,Срез по физике,Срез по физике,Срез по физике,Срез по физике,Срез по физике,Срез по физике,Срез по физике,Срез по физике,,,,,,,,,,,,,,,,,,,,,,,,,,,,,,
2024-12-11,понедельник,,,,,,,сочинение,сочинение,,,,,,,,,,,,,,,,,,,,,,,,,,,,,,,,,,,,,,,,,,,,,,,,
2024-12-12,вторник,,,,,,,,,,,,,,,,,,,,,,,,,,,,,,,,,,,,,,,,,,,,,,,"ЕГКР химия, история, литература, география","ЕГКР химия, история, литература, география","ЕГКР химия, история, литература, география","ЕГКР химия, история, литература, география","ЕГКР химия, история, литература, география","ЕГКР химия, история, литература, география","ЕГКР химия, история, литература, география","ЕГКР химия, история, литература, география","ЕГКР химия, история, литература, география","ЕГКР химия, история, литература, география"
2024-12-13,среда,,,,,,,,,,,,,,,,,Алгебра,,,,,,,,,,,,,,,,,,,,Физика Зачет (физ профиль),,Физика Зачет (физ профиль),,Физика Зачет (физ профиль),,Физика Зачет (физ профиль),,Физика Зачет (физ профиль),,Геометрия,,,,Геометрия,,,,,
2024-12-14,четверг,,,,,,,,,,,,,,,,,,,,,,,,,,,,,,,,,,,,,,,,,,,,,,,"ЕГКР математика (базовая, профильная)","ЕГКР математика (базовая, профильная)","ЕГКР математика (базовая, профильная)","ЕГКР математика (базовая, профильная)","ЕГКР математика (базовая, профильная)","ЕГКР математика (базовая, профильная)","ЕГКР математика (базовая, профильная)","ЕГКР математика (базовая, профильная)","ЕГКР математика (базовая, профильная)","ЕГКР математика (базовая, профильная)"
2024-12-15,пятница,,,,,,,,,,,,,,,Контрольная по алгебре,Контрольная по алгебре,,,,,,,,,,,,,,,,,,,,,,,,,,,,,,,,,,,,,,,,
2024-12-16,суббота,,,,,,,,,,,,,,,,,,,,,,,,,,,,,,,,,,,,,,,,,,,,,,,ЕГКР информатика и ИКТ,ЕГКР информатика и ИКТ,ЕГКР информатика и ИКТ,ЕГКР информатика и ИКТ,ЕГКР информатика и ИКТ,ЕГКР информатика и ИКТ,ЕГКР информатика и ИКТ,ЕГКР информатика и ИКТ,ЕГКР информатика и ИКТ,ЕГКР информатика и ИКТ
2024-12-18,понедельник,,,,,,,,,,,,,,,,,,к/р русский язык,,,,,,,,,,,,,,,,,,,,,,,,,,,,,,,,,,,,,,
2024-12-19,вторник,,,,,кр русский язык,,,,,,,,,,,,,,,,,,,,к/р русский язык,,,,,,,,алгебра кр,,,,Зачет по геометрии,,,,,,,,,,ЕГКР русский язык,ЕГКР русский язык,ЕГКР русский язык,ЕГКР русский язык,ЕГКР русский язык,ЕГКР русский язык,ЕГКР русский язык,ЕГКР русский язык,ЕГКР русский язык,ЕГКР русский язык
2024-12-20,среда,,,,,,,срез практмат,срез практмат,срез практмат,срез практмат,срез практмат,срез практмат,срез практмат,срез практмат,срез практмат,срез практмат,,,Геометрия,,,,Зачёт по информатике гр. Зиннуровой,,,,Тренировочный экзамен по русскому языку в формате ОГЭ,Тренировочный экзамен по русскому языку в формате ОГЭ,Тренировочный экзамен по русскому языку в формате ОГЭ,Тренировочный экзамен по русскому языку в формате ОГЭ,Тренировочный экзамен по русскому языку в формате ОГЭ,Тренировочный экзамен по русскому языку в формате ОГЭ,Тренировочный экзамен по русскому языку в формате ОГЭ,Тренировочный экзамен по русскому языку в формате ОГЭ,Тренировочный экзамен по русскому языку в формате ОГЭ,Тренировочный экзамен по русскому языку в формате ОГЭ,,,,,,,,,,,,,,,,,,,,
2024-12-21,четверг,,,кр русский язык,,,,,,,,,,,,,,,,,,,,,,Зачёт по информатике гр. Зиннуровой,,,,КР по алгебре,,,,,,,,Зачет по геометрии,,,,,,,,,,ЕГКР обществознание и физика,ЕГКР обществознание и физика,ЕГКР обществознание и физика,ЕГКР обществознание и физика,ЕГКР обществознание и физика,ЕГКР обществознание и физика,ЕГКР обществознание и физика,ЕГКР обществознание и физика,ЕГКР обществознание и физика,ЕГКР обществознание и физика
2024-12-22,пятница,К/р русский язык,,,,,,,,к/р русский язык,,к/р русский язык,,,,,,административная работа по алгебре,административная работа по алгебре,административная работа по алгебре,административная работа по алгебре,административная работа по алгебре,административная работа по алгебре,административная работа по алгебре,административная работа по алгебре,административная работа по алгебре,административная работа по алгебре,,,,,,,,,,,К/р по алгебре,,,,,,,,,,,,,,,,,,,
2024-12-23,суббота,,,,,,,,,,,,,,,,,Зачёт по информатике гр. Зиннуровой,,,,,,,,,,,,,,,,,,,,физмат профиль - зачет,,физмат профиль - зачет,,физмат профиль - зачет,,физмат профиль - зачет,,физмат профиль - зачет,,,,,,,,,,,
2024-12-25,понедельник,,,,,,,к/р русский язык,,,,,,,,,,к/р русский язык,,,,к/р русский язык,,,,,,,,,,,,Зачет спецмат,,,,,,,,,,,,,,,,,,,,,,,
2024-12-26,вторник,,,,,,,,,,,,,,,,,,,Зачёт по информатике гр. Зиннуровой,,,,,,,,,,КР по геометрии,КР по геометрии,,,,,,,,,,,,,,,,,,,,,,,,,,
2024-12-27,среда,,,,,,,,,,,,,,,,,,,Алгебра,,,,,,,,,,,,,,,,,,,,,,,,,,,,,,,,,,,,,
2024-12-28,четверг,,,,,,,,,,,,,,,,,,,,,,,,,,,,,,,,,,,,,,,,,,,,,,,,,,,,,,,,
2024-12-29,пятница,,,,,,,,,,,,,,,,,,,,,,,,,,,,,,,,,,,,,,,,,,,,,,,,,,,,,,,,
2024-12-30,суббота,,,,,,,,,,,,,,,,,,,,,,,,,,,,,,,,,,,,,,,,,,,,,,,,,,,,,,,,
2024-01-09,вторник,,,,,,,,,,,,,,,,,,,,,,,,,,,,,,,,,,,,,,,,,,,,,,,,,,,,,,,,
2024-01-10,среда,,,,,,,,,,,,,,,,,,,,,,,,,,,,,,,,,,,,,,,,,,,,,,,,,,,,,,,,
2024-01-11,четверг,,,,,,,,,,,,,,,,,,,,,,,,,,,,,,,,,,,,,,,,,,,,,,,,,,,,,,,,
2024-01-12,пятница,,,,,,,,,,,,,,,,,,,,,,,,,,,СРЕЗ по математике,СРЕЗ по математике,СРЕЗ по математике,СРЕЗ по математике,СРЕЗ по математике,СРЕЗ по математике,СРЕЗ по математике,СРЕЗ по математике,СРЕЗ по математике,СРЕЗ по математике,,,,,,,,,,,,,,,,,,,,
2024-01-13,суббота,,,,,,,,,,,,,,,,,,,,,,,,,,,,,,,Физика КР,Физика КР,,,,,,,,,,,,,,,,,,,,,,,,
2024-01-15,понедельник,,,,,,,,,,,,,,,,,,,,,,,,,,,,,,,,,Зачет геометрия,Зачет геометрия,,,,,,,,,,,,,,,,,,,,,,
2024-01-16,вторник,,,,,Математика,,,,,,,,,,,,,,,,,,,,,,,,,,,,,,,,МЦКО математика,МЦКО математика,МЦКО математика,МЦКО математика,МЦКО математика,МЦКО математика,МЦКО математика,МЦКО математика,МЦКО математика,МЦКО математика,,,,,,,,,,
2024-01-17,среда,,,,,,,,,,,,,,,,,,,,,,,,,,,,,Физика КР,Физика КР,,,,,,,Физ. Профиль - КР,,Физ. Профиль - КР,,Физ. Профиль - КР,,Физ. Профиль - КР,,Физ. Профиль - КР,,,,,,,,,,,
2024-01-18,четверг,,,,,,,,,,,,,,,,,,,,,,,,,,,,,,,,,,,,,,,,,,,,,,,,,,,,,,,,
2024-01-19,пятница,,,,,,,,,,,,,,,,,,,,,,,,,,,,,,,,,,,,,,,,,,,,,,,,,,,,,,,,
2024-01-20,суббота,,,,,,,,,,,,,,,,,,,,,,,,,,,,,,,,,,,,,,,,,,,,,,,,,,,,,,,,
2024-01-22,понедельник,,,,,,,,,СРЕЗОВЫЙ ЗАЧЕТ ПО ГЕОМЕТРИИ,СРЕЗОВЫЙ ЗАЧЕТ ПО ГЕОМЕТРИИ,,,,,,,,,,,,,,,,,,,,,,,,,,,,,,,,,,,,,,,,,,,,,,
2024-01-23,вторник,,,,,,,,,,,,,,,СРЕЗОВЫЙ ЗАЧЕТ ПО ГЕОМЕТРИИ,СРЕЗОВЫЙ ЗАЧЕТ ПО ГЕОМЕТРИИ,,,,,,,,,,,,,,,,,,,,,МЦКО русский язык,МЦКО русский язык,МЦКО русский язык,МЦКО русский язык,МЦКО русский язык,МЦКО русский язык,МЦКО русский язык,МЦКО русский язык,МЦКО русский язык,МЦКО русский язык,,,,,,,,,,
2024-01-24,среда,,,,,,,Срезовый зачет по геометрии,Срезовый зачет по геометрии,,,,,,,,,,,,,,,,,,,,,,,,,,,,,,,,,,,,,,,Геометрия,,,,Геометрия,,,,,
2024-01-25,четверг,,,,,,,,,,,СРЕЗОВЫЙ ЗАЧЕТ ПО ГЕОМЕТРИИ,СРЕЗОВЫЙ ЗАЧЕТ ПО ГЕОМЕТРИИ,СРЕЗОВЫЙ ЗАЧЕТ ПО ГЕОМЕТРИИ,СРЕЗОВЫЙ ЗАЧЕТ ПО ГЕОМЕТРИИ,,,,,,,,,,,,,,,,,,,,,,,,,,,,,,,,,,,,,,,,,,
2024-01-26,пятница,,,,,,,,,,,,,,,,,,,,,,,,,,,,,,,,,,,,,,,,,,,,,,,,,,,,,,,,
2024-01-27,суббота,,,,,,,,,,,Самостоятельная работа по биологии,,,,,,,,,,,,,,,,,,,,,,,,,,,,,,,,,,,,,,,,,,,,,
2024-01-29,понедельник,,,,,,,,,,,,,,,,,,,,,,,,,,,,,,,,,,,,,,,,,,,,,,,,,,,,,,,,
2024-01-30,вторник,,,,,,,,,,,,,,,,,,,,,,,,,,,,,,,,,,,,,,,,,,,,,,,,,,,,,,,,
2024-01-31,среда,,,,,,,,,,,,,,,Контрольная по алгебре,Контрольная по алгебре,Алгебра,,,,,,,,,,,,,,,,,,,,Пылева: контрольная работа по физике,Пылева: контрольная работа по физике,Пылева: контрольная работа по физике,Пылева: контрольная работа по физике,Пылева: контрольная работа по физике,Пылева: контрольная работа по физике,Пылева: контрольная работа по физике,Пылева: контрольная работа по физике,,,,,,,,,,,,
2024-02-01,четверг,,,,,,,,,,,,,,,,,,,,,,,,,,,,,,,,,,,,,,,,,,,,,,,,,,,,,,,,
2024-02-02,пятница,Срез математика (II пара),Срез математика (II пара),Срез математика (II пара),Срез математика (II пара),Срез математика (II пара),Срез математика (II пара),,,,,,,,,,,,,,,,,,,,,,,,,,,АЛГЕБРА,,,,,,,,,,,,,,,,,,,,,,,
2024-02-03,суббота,,,,,,,,,,,контрольная по геометрии,,,,,,,,,,,,,,,,,,,,,,,,,,Физ профиль - КР,,Физ профиль - КР,,Физ профиль - КР,,Физ профиль - КР,,Физ профиль - КР,,,,,,,,,,,
2024-02-05,понедельник,,,,,,,,,,,,,,,,,,,,,,,,,,,,,,,,,,,,,,,,,,,,,,,,,,,,,,,,
2024-02-06,вторник,,,,,,,,,,,,,,,,,,,контрольная по информатике гр. Зиннуровой,,,,русский язык,,,,,,,,,,АЛГЕБРА,,,,,,,,,,,,,,Тренировочный ЕГЭ по информатике для сдающих экзамен,Тренировочный ЕГЭ по информатике для сдающих экзамен,Тренировочный ЕГЭ по информатике для сдающих экзамен,Тренировочный ЕГЭ по информатике для сдающих экзамен,Тренировочный ЕГЭ по информатике для сдающих экзамен,Тренировочный ЕГЭ по информатике для сдающих экзамен,Тренировочный ЕГЭ по информатике для сдающих экзамен,Тренировочный ЕГЭ по информатике для сдающих экзамен,Тренировочный ЕГЭ по информатике для сдающих экзамен,Тренировочный ЕГЭ по информатике для сдающих экзамен
2024-02-07,среда,,,,,контрольная по информатике гр. Зиннуровой,,,,,,,,,,Контрольная по практмату,Контрольная по практмату,,,Геометрия,,,,контрольная по информатике гр. Зиннуровой,,,,Тренировочное итоговое собеседование по русскому языку,Тренировочное итоговое собеседование по русскому языку,Тренировочное итоговое собеседование по русскому языку,Тренировочное итоговое собеседование по русскому языку,Тренировочное итоговое собеседование по русскому языку,Тренировочное итоговое собеседование по русскому языку,Тренировочное итоговое собеседование по русскому языку,Тренировочное итоговое собеседование по русскому языку,Тренировочное итоговое собеседование по русскому языку,Тренировочное итоговое собеседование по русскому языку,,,,,,,,,,,,,"Итоговое сочинение Лукьянов, Акимов,Сметанин","Итоговое сочинение Лукьянов, Акимов,Сметанин","Итоговое сочинение Лукьянов, Акимов,Сметанин","Итоговое сочинение Лукьянов, Акимов,Сметанин","Итоговое сочинение Лукьянов, Акимов,Сметанин","Итоговое сочинение Лукьянов, Акимов,Сметанин",,
2024-02-08,четверг,контрольная по информатике гр. Зиннуровой,,,,,,,,,,контрольная по информатике гр. Зиннуровой,,,,,,,,,,,,,,контрольная по информатике гр. Зиннуровой,,Лекция по физике на второй паре; 9А - зачет по физике на 2-3 паре,Лекция по физике на второй паре; 9А - зачет по физике на 2-3 паре,Лекция по физике на второй паре; 9А - зачет по физике на 2-3 паре,Лекция по физике на второй паре; 9А - зачет по физике на 2-3 паре,Лекция по физике на второй паре; 9А - зачет по физике на 2-3 паре,Лекция по физике на второй паре; 9А - зачет по физике на 2-3 паре,Лекция по физике на второй паре; 9А - зачет по физике на 2-3 паре,Лекция по физике на второй паре; 9А - зачет по физике на 2-3 паре,Лекция по физике на второй паре; 9А - зачет по физике на 2-3 паре,Лекция по физике на второй паре; 9А - зачет по физике на 2-3 паре,,,,,,,,,,,,,,,,,,,,
2024-02-09,пятница,кр русский язык,,,,,,контрольная по информатике гр. Зиннуровой,,,,,,,,,,русский язык,химия,химия,,русский язык,,,,химия,,,,Физика КР,,,,АЛГЕБРА,,,,,,,,,,,,,,,,,,,,,,,
2024-02-10,суббота,,,,,,,,,контрольная по информатике,контрольная по информатике,контрольный диктант по русскому,,,,,,контрольная по информатике гр. Зиннуровой,,Геометрия,,химия,,химия,,,,Физика кр,,,,Физика КР,,,,,,,,,,,,,,,,,,,,,,,,,
2024-02-12,понедельник,,,,,,,русский язык,,контрольный диктант по русскому,,контрольная по практфизу,,,,,,,,,,,,,,,,,,,,,,,,,,,,,,,,,,,,,,,,,,,,,
2024-02-13,вторник,,,,,,,,,,,,,,,,,Спецмат административная контрольная работа ( на 3-4 уроках),Спецмат административная контрольная работа ( на 3-4 уроках),Спецмат административная контрольная работа ( на 3-4 уроках),Спецмат административная контрольная работа ( на 3-4 уроках),Спецмат административная контрольная работа ( на 3-4 уроках),Спецмат административная контрольная работа ( на 3-4 уроках),Спецмат административная контрольная работа ( на 3-4 уроках),Спецмат административная контрольная работа ( на 3-4 уроках),Спецмат административная контрольная работа ( на 3-4 уроках),Спецмат административная контрольная работа ( на 3-4 уроках),,,,,,,АЛГЕБРА,,Информатика (Морозова),,,,,,,,,,,,,,,,,,,,,
2024-02-15,четверг,,,,,,,"5 урок, встреча обучающихся 7 классов с победителями IJSO","5 урок, встреча обучающихся 7 классов с победителями IJSO","5 урок, встреча обучающихся 7 классов с победителями IJSO","5 урок, встреча обучающихся 7 классов с победителями IJSO","5 урок, встреча обучающихся 7 классов с победителями IJSO","5 урок, встреча обучающихся 7 классов с победителями IJSO","5 урок, встреча обучающихся 7 классов с победителями IJSO","5 урок, встреча обучающихся 7 классов с победителями IJSO","5 урок, встреча обучающихся 7 классов с победителями IJSO","5 урок, встреча обучающихся 7 классов с победителями IJSO",,,,,,,,,,,Информатика (Морозова),,алгебра,,,,,,,,,,,,,,,,,,,,,,,,,,,
2024-02-16,пятница,,,,,,,,,,,,,,,,,,,,,,,,,,,,,геометрия,,Информатика (Морозова),,АЛГЕБРА,,,,,,,,,,,,,,Пробный экзамен по обществознанию,,Пробный экзамен по обществознанию,,Пробный экзамен по обществознанию,,Пробный экзамен по обществознанию,,Пробный экзамен по обществознанию,
2024-02-17,суббота,,,,,,,,,,,,,,,,,,,,,,,,,,,,,,,,,,,,,,,,,,,,,,,,,,,,,,,,
2024-02-26,понедельник,,,,,,,,,,,,,Физика КР,,,,Диагностика МЦКО физика,Диагностика МЦКО физика,,,,,Диагностика МЦКО физика,Диагностика МЦКО физика,Диагностика МЦКО физика,Диагностика МЦКО физика,,,,,,,Физика ЗАЧЕТ,Физика ЗАЧЕТ,,,,,,,,,,,,,,,,,,,,,,
2024-02-27,вторник,,,,,,,,,,,,,,,,,,,Диагностика МЦКО физика,Диагностика МЦКО физика,Диагностика МЦКО физика,Диагностика МЦКО физика,,,,,,,,,,,,,,,,,,,,,,,,,,,,,,,,,,
2024-02-28,среда,,,,,,,МЦКО физика,МЦКО физика,МЦКО физика,МЦКО физика,МЦКО физика,МЦКО физика,,,,,,,,,,,,,,,,,,,,,,,,,Физ проф. - ЗАЧЕТ,,Физ проф. - ЗАЧЕТ,,Физ проф. - ЗАЧЕТ,,Физ проф. - ЗАЧЕТ,,Физ проф. - ЗАЧЕТ,,,,,,Алгебра,,,,,
2024-02-29,четверг,,,,,,,,,,,,,МЦКО физика,МЦКО физика,МЦКО физика,МЦКО физика,,,,,,,,,,,,,,,,,,,,,,,,,,,,,,,егэ английский,,егэ английский,,егэ английский,,егэ английский,,егэ английский,
2024-03-01,пятница,,,,,,,,,,,,,Физика ЗАЧЕТ,Физика ЗАЧЕТ,,,,,,,,,,,,,,,Физика КР,,,,,,,,,,,,,,,,,,,,,,,,,,,
2024-03-02,суббота,,,,,,,,,,,,,,,,,,,,,,,,,,,,,,,Физика КР,,,,,,,,,,,,,,,,,,,,,,,,,
2024-03-04,понедельник,,,,,,,,,,,,,,,,,,,,,,,,,,,6 урок собрание по профилям 9 классы,6 урок собрание по профилям 9 классы,6 урок собрание по профилям 9 классы,Физика ЗАЧЕТ,6 урок собрание по профилям 9 классы,6 урок собрание по профилям 9 классы,6 урок собрание по профилям 9 классы,6 урок собрание по профилям 9 классы,6 урок собрание по профилям 9 классы,6 урок собрание по профилям 9 классы,,,,,,,,,,,,,,,,,,,,
2024-03-05,вторник,МЦКО предмет по жеребьевке,МЦКО предмет по жеребьевке,МЦКО предмет по жеребьевке,МЦКО предмет по жеребьевке,МЦКО предмет по жеребьевке,МЦКО предмет по жеребьевке,,,,,,,,,,,,,,,,,,,,,,,,,,,,,,,СРЕЗОВАЯ РАБОТА ПО ГЕОМЕТРИИ,СРЕЗОВАЯ РАБОТА ПО ГЕОМЕТРИИ,СРЕЗОВАЯ РАБОТА ПО ГЕОМЕТРИИ,СРЕЗОВАЯ РАБОТА ПО ГЕОМЕТРИИ,СРЕЗОВАЯ РАБОТА ПО ГЕОМЕТРИИ,СРЕЗОВАЯ РАБОТА ПО ГЕОМЕТРИИ,СРЕЗОВАЯ РАБОТА ПО ГЕОМЕТРИИ,СРЕЗОВАЯ РАБОТА ПО ГЕОМЕТРИИ,СРЕЗОВАЯ РАБОТА ПО ГЕОМЕТРИИ,СРЕЗОВАЯ РАБОТА ПО ГЕОМЕТРИИ,,,,,,,,,,
2024-03-06,среда,,,,,,,,,,,,,,,,,Алгебра,,,,,,,,,,,,,,,,,,,,,,,,,,,,,,,,,,,,,,,
2024-03-07,четверг,,,,,,,,,,,,,,,,,,,,,,,,,,,,,,,Физика ЗАЧЕТ,Физика ЗАЧЕТ,,,,,,,,,,,,,,,,,,,,,,,,
2024-03-11,понедельник,,,,,Математика,,МЦКО предмет по истории,МЦКО предмет по истории,МЦКО предмет по истории,МЦКО предмет по истории,МЦКО предмет по истории,МЦКО предмет по истории,,,,,диспансеризация в школе 8 классы,диспансеризация в школе 8 классы,зачет по физике,зачет по физике,диспансеризация в школе 8 классы,диспансеризация в школе 8 классы,диспансеризация в школе 8 классы,диспансеризация в школе 8 классы,диспансеризация в школе 8 классы,диспансеризация в школе 8 классы,,,,,,,,,,,,,,,,,,,,,,,,,,,,,,
2024-03-12,вторник,,,,,,,,,,,,,МЦКО предмет по истории,МЦКО предмет по истории,МЦКО предмет по истории,МЦКО предмет по истории,,,,,зачет по физике,зачет по физике,,,,,,,,,,,,,,,,,,,,,,,,,,,,,,,,,,
2024-03-13,среда,,,,,,,,,,,,,,,,,Диагностика МЦКО предмет по выбору,Диагностика МЦКО предмет по выбору,Диагностика МЦКО предмет по выбору,Диагностика МЦКО предмет по выбору,Диагностика МЦКО предмет по выбору,Диагностика МЦКО предмет по выбору,,,,,,,,,,,,,,,,,,,,,,,,,,,,,,,,,,
2024-03-14,четверг,,,,,,,,,,,,,,,,,,,,,,,Диагностика МЦКО предмет по выбору,Диагностика МЦКО предмет по выбору,Диагностика МЦКО предмет по выбору,Диагностика МЦКО предмет по выбору,,,,,,,,,,,,,,,,,,,,,,,,,,,,,,
2024-03-15,пятница,,,,,,,,,,,,,,,,,,,,,,,зачет по физике,зачет по физике,,,,,,,,,,,,,,,,,,,Контрольная по алгебре,Контрольная по алгебре,,,,,,,,,,,,
2024-03-16,суббота,,,,,,,,,,,,,,,,,зачет по физике,зачет по физике,,,,,,,физика кр,,,,,,,,,,,,Физ профиль - КР,,Физ профиль - КР,,Физ профиль - КР,,Физ профиль - КР,,Физ профиль - КР,,,,,,,,,,,
2024-03-18,понедельник,,,,,,,,,,,,,,,,,,,,,,,,,,,,,,,,,,,,,,,,,,,,,,,,,,,,,,,,
2024-03-19,вторник,,,,,,,,,,,,,,,,,,,,,,,,,,,,,,,,,,,,,,,,,,,,,,,Тренировочная работа по русскому языку  в формате ЕГЭ,Тренировочная работа по русскому языку  в формате ЕГЭ,Тренировочная работа по русскому языку  в формате ЕГЭ,Тренировочная работа по русскому языку  в формате ЕГЭ,Тренировочная работа по русскому языку  в формате ЕГЭ,Тренировочная работа по русскому языку  в формате ЕГЭ,Тренировочная работа по русскому языку  в формате ЕГЭ,Тренировочная работа по русскому языку  в формате ЕГЭ,Тренировочная работа по русскому языку  в формате ЕГЭ,Тренировочная работа по русскому языку  в формате ЕГЭ
2024-03-20,среда,,,,,,,СРЕЗОВАЯ РАБОТА ПО АЛГЕБРЕ,СРЕЗОВАЯ РАБОТА ПО АЛГЕБРЕ,СРЕЗОВАЯ РАБОТА ПО АЛГЕБРЕ,СРЕЗОВАЯ РАБОТА ПО АЛГЕБРЕ,СРЕЗОВАЯ РАБОТА ПО АЛГЕБРЕ,СРЕЗОВАЯ РАБОТА ПО АЛГЕБРЕ,СРЕЗОВАЯ РАБОТА ПО АЛГЕБРЕ,СРЕЗОВАЯ РАБОТА ПО АЛГЕБРЕ,СРЕЗОВАЯ РАБОТА ПО АЛГЕБРЕ,СРЕЗОВАЯ РАБОТА ПО АЛГЕБРЕ,,,Геометрия,,,,,,,,,,,,,,,,,,,,,,,,,,,,,,,,,,,,,
2024-03-21,четверг,Музейный день,Музейный день,Музейный день,Музейный день,Музейный день,Музейный день,Музейный день,Музейный день,Музейный день,Музейный день,Музейный день,Музейный день,Музейный день,Музейный день,Музейный день,Музейный день,Музейный день,Музейный день,Музейный день,Музейный день,Музейный день,Музейный день,Музейный день,Музейный день,Музейный день,Музейный день,Музейный день,Музейный день,Музейный день,Музейный день,Музейный день,Музейный день,Музейный день,Музейный день,Музейный день,Музейный день,Музейный день,Музейный день,Музейный день,Музейный день,Музейный день,Музейный день,Музейный день,Музейный день,Музейный день,Музейный день,СРЕЗОВАЯ РАБОТА ПО МАТЕМАТИКЕ (ЗАДАЧИ 2 ЧАСТИ ЕГЭ),СРЕЗОВАЯ РАБОТА ПО МАТЕМАТИКЕ (ЗАДАЧИ 2 ЧАСТИ ЕГЭ),СРЕЗОВАЯ РАБОТА ПО МАТЕМАТИКЕ (ЗАДАЧИ 2 ЧАСТИ ЕГЭ),СРЕЗОВАЯ РАБОТА ПО МАТЕМАТИКЕ (ЗАДАЧИ 2 ЧАСТИ ЕГЭ),СРЕЗОВАЯ РАБОТА ПО МАТЕМАТИКЕ (ЗАДАЧИ 2 ЧАСТИ ЕГЭ),СРЕЗОВАЯ РАБОТА ПО МАТЕМАТИКЕ (ЗАДАЧИ 2 ЧАСТИ ЕГЭ),СРЕЗОВАЯ РАБОТА ПО МАТЕМАТИКЕ (ЗАДАЧИ 2 ЧАСТИ ЕГЭ),СРЕЗОВАЯ РАБОТА ПО МАТЕМАТИКЕ (ЗАДАЧИ 2 ЧАСТИ ЕГЭ),СРЕЗОВАЯ РАБОТА ПО МАТЕМАТИКЕ (ЗАДАЧИ 2 ЧАСТИ ЕГЭ),СРЕЗОВАЯ РАБОТА ПО МАТЕМАТИКЕ (ЗАДАЧИ 2 ЧАСТИ ЕГЭ)
2024-03-22,пятница,,,,,,,,,,,,,,,,,,,,,,,,,,,Тренировочная работа по русскому языку  в формате ОГЭ,Тренировочная работа по русскому языку  в формате ОГЭ,Тренировочная работа по русскому языку  в формате ОГЭ,Тренировочная работа по русскому языку  в формате ОГЭ,Тренировочная работа по русскому языку  в формате ОГЭ,Тренировочная работа по русскому языку  в формате ОГЭ,Тренировочная работа по русскому языку  в формате ОГЭ,Тренировочная работа по русскому языку  в формате ОГЭ,Тренировочная работа по русскому языку  в формате ОГЭ,Тренировочная работа по русскому языку  в формате ОГЭ,,,,,,,,,,,,,,,,,,,,
2024-03-23,суббота,,,,,,,,,,,,,,,,,,,,,,,,,,,,,,,,,,,,,,,,,,,,,,,,,,,,,,,,
2024-03-25,понедельник,,,,,,,зачет по морфологии,зачет по морфологии,зачет по морфологии,зачет по морфологии,зачет по морфологии,зачет по морфологии,зачет по морфологии,зачет по морфологии,зачет по морфологии,зачет по морфологии,МЦКО русский язык,МЦКО русский язык,МЦКО русский язык,МЦКО русский язык,МЦКО русский язык,МЦКО русский язык,МЦКО русский язык,МЦКО русский язык,МЦКО русский язык,МЦКО русский язык,,,Зачет тригонометрия,,,,,,,,,,,,,,,,,,,,,,,,,,,
2024-03-26,вторник,,,,,,,,,,,,,,,,,,,Практмат КР,,,,,,,,,,,,,,,,,,,,,,,,,,,,,,,,,,,,,
2024-03-27,среда,,,,,,,МЦКО математика (углубленный уровень),МЦКО математика (углубленный уровень),МЦКО математика (углубленный уровень),МЦКО математика (углубленный уровень),МЦКО математика (углубленный уровень),МЦКО математика (углубленный уровень),МЦКО математика (углубленный уровень),МЦКО математика (углубленный уровень),МЦКО математика (углубленный уровень),МЦКО математика (углубленный уровень),,,,,,,,,,,,,,,,,,,,,,,,,,,,,,,,,,,,,,,,
2024-03-28,четверг,,,,,,,,,,,,,,,,,,,,,,,,,,,,,,,,,,,,,,,,,,,,,,,,,,,,,,,,
2024-03-29,пятница,,,,,,,,,,,,,,,,,русский язык,,,,русский язык,,,,,,,,,,,,,,,,,,,,,,,,,,,,,,,,,,,
2024-03-30,суббота,,,,,,,,,,,,,,,,,,,,,,,,,,,Тренировочный экзамен по математике с выходом на ППЭ,Тренировочный экзамен по математике с выходом на ППЭ,Тренировочный экзамен по математике с выходом на ППЭ,Тренировочный экзамен по математике с выходом на ППЭ,Тренировочный экзамен по математике с выходом на ППЭ,Тренировочный экзамен по математике с выходом на ППЭ,Тренировочный экзамен по математике с выходом на ППЭ,Тренировочный экзамен по математике с выходом на ППЭ,Тренировочный экзамен по математике с выходом на ППЭ,Тренировочный экзамен по математике с выходом на ППЭ,,,,,,,,,,,,,,,,,,,,
2024-04-01,понедельник,,,,,,,,,,,,,,,,,,,,,,,,,,,,,,,,,,,,,,,,,,,,,,,,,,,,,,,,
2024-04-02,вторник,,,,,,,,,,,,,,,,,,,,,,,,,русский язык,,,,,,,,,,,,,,,,,,,,,,ЕГКР русский язык - уроков нет,ЕГКР русский язык - уроков нет,ЕГКР русский язык - уроков нет,ЕГКР русский язык - уроков нет,ЕГКР русский язык - уроков нет,ЕГКР русский язык - уроков нет,ЕГКР русский язык - уроков нет,ЕГКР русский язык - уроков нет,ЕГКР русский язык - уроков нет,ЕГКР русский язык - уроков нет
2024-04-03,среда,МЦКО функциональная грамотность (математическая грамотность),МЦКО функциональная грамотность (математическая грамотность),МЦКО функциональная грамотность (математическая грамотность),МЦКО функциональная грамотность (математическая грамотность),МЦКО функциональная грамотность (математическая грамотность),МЦКО функциональная грамотность (математическая грамотность),,,,,,,,,,,,,,,,,,,,,,,,,,,,,,,,,,,,,,,,,,,,,,,,,,
2024-04-04,четверг,,,,,,,,,,,,,,,,,,,,,,,,,,,,,,,,,,,,,,,,,,,,,,,,,,,,,,,,
2024-04-05,пятница,,,,,,,,,,,,,,,,,,,,,,,,,,,,,,,,,,,,,,,,,,,,,,,"ЕГКР математика (базовая, профильная) - уроков нет","ЕГКР математика (базовая, профильная) - уроков нет","ЕГКР математика (базовая, профильная) - уроков нет","ЕГКР математика (базовая, профильная) - уроков нет","ЕГКР математика (базовая, профильная) - уроков нет","ЕГКР математика (базовая, профильная) - уроков нет","ЕГКР математика (базовая, профильная) - уроков нет","ЕГКР математика (базовая, профильная) - уроков нет","ЕГКР математика (базовая, профильная) - уроков нет","ЕГКР математика (базовая, профильная) - уроков нет"
2024-04-06,суббота,,,,,,,,,,,,,,,,,,,,,,,,,,,Тренировочный экзамен по информатике с выходом на ППЭ,Тренировочный экзамен по информатике с выходом на ППЭ,Тренировочный экзамен по информатике с выходом на ППЭ,Тренировочный экзамен по информатике с выходом на ППЭ,Тренировочный экзамен по информатике с выходом на ППЭ,Тренировочный экзамен по информатике с выходом на ППЭ,Тренировочный экзамен по информатике с выходом на ППЭ,Тренировочный экзамен по информатике с выходом на ППЭ,Тренировочный экзамен по информатике с выходом на ППЭ,Тренировочный экзамен по информатике с выходом на ППЭ,,,,,,,,,,,,,,,,,,,,
2024-04-15,понедельник,,,,,,,,,,,,,,,,,,,,,,,,,,,,,,,,,,,,,,,,,,,,,,,,,,,,,,,,
2024-04-16,вторник,,,,,,,,,,,,,,,,,,,,,,,,,,,,,,,,,,,,,,,,,,,,,,,ЕГКР английский язык - уроки по расписаниюЕГКР Биология - уроки по расписанию,ЕГКР английский язык - уроки по расписаниюЕГКР Биология - уроки по расписанию,ЕГКР английский язык - уроки по расписаниюЕГКР Биология - уроки по расписанию,ЕГКР английский язык - уроки по расписаниюЕГКР Биология - уроки по расписанию,ЕГКР английский язык - уроки по расписаниюЕГКР Биология - уроки по расписанию,ЕГКР английский язык - уроки по расписаниюЕГКР Биология - уроки по расписанию,ЕГКР английский язык - уроки по расписаниюЕГКР Биология - уроки по расписанию,ЕГКР английский язык - уроки по расписаниюЕГКР Биология - уроки по расписанию,ЕГКР английский язык - уроки по расписаниюЕГКР Биология - уроки по расписанию,ЕГКР английский язык - уроки по расписаниюЕГКР Биология - уроки по расписанию
2024-04-17,среда,,,,,,,МЦКО русский язык,МЦКО русский язык,МЦКО русский язык,МЦКО русский язык,МЦКО русский язык,МЦКО русский язык,МЦКО русский язык,МЦКО русский язык,МЦКО русский язык,МЦКО русский язык,,,,,,,,,,,,,,,,,,,,,,,,,,,,,,,,,,,,,,,,
2024-04-18,четверг,,,,,,,,,,,,,,,,,огэ английский,,огэ английский,,огэ английский,,огэ английский,,огэ английский,,,,,,,,,,,,"ЕГКР химия, история, литература, география - уроки по расписанию","ЕГКР химия, история, литература, география - уроки по расписанию","ЕГКР химия, история, литература, география - уроки по расписанию","ЕГКР химия, история, литература, география - уроки по расписанию","ЕГКР химия, история, литература, география - уроки по расписанию","ЕГКР химия, история, литература, география - уроки по расписанию","ЕГКР химия, история, литература, география - уроки по расписанию","ЕГКР химия, история, литература, география - уроки по расписанию","ЕГКР химия, история, литература, география - уроки по расписанию","ЕГКР химия, история, литература, география - уроки по расписанию",,,,,,,,,,
2024-04-19,пятница,,,,,,,,,,,,,,,,,,,,,,,,,,,,,,,,,,,,,,,,,,,,,,,,,,,,,,,,
2024-04-20,суббота,,,,,,,,,,,,,,,,,,,,,,,,,,,,,,,,,,,,,,,,,,,,,,,ЕГКР английский язык (устный) ППЭ - уроки по расписанию,ЕГКР английский язык (устный) ППЭ - уроки по расписанию,ЕГКР английский язык (устный) ППЭ - уроки по расписанию,ЕГКР английский язык (устный) ППЭ - уроки по расписанию,ЕГКР английский язык (устный) ППЭ - уроки по расписанию,ЕГКР английский язык (устный) ППЭ - уроки по расписанию,ЕГКР английский язык (устный) ППЭ - уроки по расписанию,ЕГКР английский язык (устный) ППЭ - уроки по расписанию,ЕГКР английский язык (устный) ППЭ - уроки по расписанию,ЕГКР английский язык (устный) ППЭ - уроки по расписанию
2024-04-22,понедельник,,,,,,,,,,,,,,,,,,,,,,,,,,,,,,,,,,,,,,,,,,,,,,,,,,,,,,,,
2024-04-23,вторник,,,,,,,,,,,,,,,,,,,,,,,,,,,,,,,,,,,,,,,,,,,,,,,"ЕГКР обществознание и физика - уроки, возможна корректрировка расписания","ЕГКР обществознание и физика - уроки, возможна корректрировка расписания","ЕГКР обществознание и физика - уроки, возможна корректрировка расписания","ЕГКР обществознание и физика - уроки, возможна корректрировка расписания","ЕГКР обществознание и физика - уроки, возможна корректрировка расписания","ЕГКР обществознание и физика - уроки, возможна корректрировка расписания","ЕГКР обществознание и физика - уроки, возможна корректрировка расписания","ЕГКР обществознание и физика - уроки, возможна корректрировка расписания","ЕГКР обществознание и физика - уроки, возможна корректрировка расписания","ЕГКР обществознание и физика - уроки, возможна корректрировка расписания"
2024-04-24,среда,,,,,,,,,,,,,,,,,,,,,,,,,,,Тренировочная работа по физике в формате ОГЭ,Тренировочная работа по физике в формате ОГЭ,Тренировочная работа по физике в формате ОГЭ,Тренировочная работа по физике в формате ОГЭ,Тренировочная работа по физике в формате ОГЭ,Тренировочная работа по физике в формате ОГЭ,Тренировочная работа по физике в формате ОГЭ,Тренировочная работа по физике в формате ОГЭ,Тренировочная работа по физике в формате ОГЭ,Тренировочная работа по физике в формате ОГЭ,,,,,,,,,,,,,,,,,,,,
2024-04-25,четверг,,,,,,,,,,,,,,,,,МЦКО математика (углубленный уровень),МЦКО математика (углубленный уровень),МЦКО математика (углубленный уровень),МЦКО математика (углубленный уровень),МЦКО математика (углубленный уровень),МЦКО математика (углубленный уровень),МЦКО математика (углубленный уровень),МЦКО математика (углубленный уровень),МЦКО математика (углубленный уровень),МЦКО математика (углубленный уровень),,,,,,,,,,,,,,,,,,,,,СРЕЗОВАЯ РАБОТА ПО МАТЕМАТИКЕ,СРЕЗОВАЯ РАБОТА ПО МАТЕМАТИКЕ,СРЕЗОВАЯ РАБОТА ПО МАТЕМАТИКЕ,СРЕЗОВАЯ РАБОТА ПО МАТЕМАТИКЕ,СРЕЗОВАЯ РАБОТА ПО МАТЕМАТИКЕ,СРЕЗОВАЯ РАБОТА ПО МАТЕМАТИКЕ,СРЕЗОВАЯ РАБОТА ПО МАТЕМАТИКЕ,СРЕЗОВАЯ РАБОТА ПО МАТЕМАТИКЕ,СРЕЗОВАЯ РАБОТА ПО МАТЕМАТИКЕ,СРЕЗОВАЯ РАБОТА ПО МАТЕМАТИКЕ
2024-04-26,пятница,,,,,,,,,,,,,,,,,,,,,,,,,,,,,,,,,,,,,,,,,,,,,,,,,,,,,,,,
2024-04-27,суббота,,,,,,,,,,,,,,,,,,,,,,,,,,,,,,,,,,,,,,,,,,,,,,,"ЕГКР информатика и ИКТ ППЭ - уроки, возможна корректрировка расписания","ЕГКР информатика и ИКТ ППЭ - уроки, возможна корректрировка расписания","ЕГКР информатика и ИКТ ППЭ - уроки, возможна корректрировка расписания","ЕГКР информатика и ИКТ ППЭ - уроки, возможна корректрировка расписания","ЕГКР информатика и ИКТ ППЭ - уроки, возможна корректрировка расписания","ЕГКР информатика и ИКТ ППЭ - уроки, возможна корректрировка расписания","ЕГКР информатика и ИКТ ППЭ - уроки, возможна корректрировка расписания","ЕГКР информатика и ИКТ ППЭ - уроки, возможна корректрировка расписания","ЕГКР информатика и ИКТ ППЭ - уроки, возможна корректрировка расписания","ЕГКР информатика и ИКТ ППЭ - уроки, возможна корректрировка расписания"
2024-05-02,четверг,,,,,,,,,,,,,,,,,,,,,,,,,,,,,,,,,Зачет геометрия (29 апреля?),,,,,,,,,,,,,,,,,,,,,,,
2024-05-03,пятница,МЦКО резерв функциональная грамотность (математическая грамотность)МЦКО резерв предмет по жеребьевке,МЦКО резерв функциональная грамотность (математическая грамотность)МЦКО резерв предмет по жеребьевке,МЦКО резерв функциональная грамотность (математическая грамотность)МЦКО резерв предмет по жеребьевке,МЦКО резерв функциональная грамотность (математическая грамотность)МЦКО резерв предмет по жеребьевке,МЦКО резерв функциональная грамотность (математическая грамотность)МЦКО резерв предмет по жеребьевке,МЦКО резерв функциональная грамотность (математическая грамотность)МЦКО резерв предмет по жеребьевке,,,,,,,,,,,,,,,,,,,,,,,,,,,,,,,,,,,,,,,,,,,,,,,,,,
2024-05-04,суббота,,,,,,,,,,,,,,,,,,,,,,,,,,,,,,,,,,,,,,,,,,,,,,,,,,,,,,,,
2024-05-06,понедельник,,,,,,,,,,,,,,,,,,,,,,,,,,,Тренировочная работа по математике  в формате ОГЭ,Тренировочная работа по математике  в формате ОГЭ,Тренировочная работа по математике  в формате ОГЭ,Тренировочная работа по математике  в формате ОГЭ,Тренировочная работа по математике  в формате ОГЭ,Тренировочная работа по математике  в формате ОГЭ,Тренировочная работа по математике  в формате ОГЭ,Тренировочная работа по математике  в формате ОГЭ,Тренировочная работа по математике  в формате ОГЭ,Тренировочная работа по математике  в формате ОГЭ,,,,,,,,,,,,,,,,,,,,
2024-05-07,вторник,,,,,,,,,,,,,,,,,,,,,,,,,,,,,,,,,,,,,,,,,,,,,,,Тренировочная работа по русскому языку  в формате ЕГЭ,Тренировочная работа по русскому языку  в формате ЕГЭ,Тренировочная работа по русскому языку  в формате ЕГЭ,Тренировочная работа по русскому языку  в формате ЕГЭ,Тренировочная работа по русскому языку  в формате ЕГЭ,Тренировочная работа по русскому языку  в формате ЕГЭ,Тренировочная работа по русскому языку  в формате ЕГЭ,Тренировочная работа по русскому языку  в формате ЕГЭ,Тренировочная работа по русскому языку  в формате ЕГЭ,Тренировочная работа по русскому языку  в формате ЕГЭ
2024-05-08,среда,,,,,,,,,,,,,,,,,,,,,,,,,,,Тренировочная работа по русскому языку  в формате ОГЭ,Тренировочная работа по русскому языку  в формате ОГЭ,Тренировочная работа по русскому языку  в формате ОГЭ,Тренировочная работа по русскому языку  в формате ОГЭ,Тренировочная работа по русскому языку  в формате ОГЭ,Тренировочная работа по русскому языку  в формате ОГЭ,Тренировочная работа по русскому языку  в формате ОГЭ,Тренировочная работа по русскому языку  в формате ОГЭ,Тренировочная работа по русскому языку  в формате ОГЭ,Тренировочная работа по русскому языку  в формате ОГЭ,,,,,,,,,,,,,,,,,,,,
2024-05-11,суббота,,,,,,,,,,,,,,,,,,,,,,,,,,,,,,,,,,,,,,,,,,,,,,,,,,,,,,,,
2024-05-13,понедельник,,,,,,,,,,,,,,,,,,,,,,,,,,,,,зачет по мехнике,зачет по мехнике,,,зачет по мехнике,зачет по мехнике,зачет по мехнике,зачет по мехнике,,,,,,,,,,,,,,,,,,,,
2024-05-14,вторник,,,,,,,,,,,,,,,,,МЦКО резерв два предмета по выбору                                                 МЦКО резерв русский язык                                                                                                                                       МЦКО резерв математика (углубленный уровень),МЦКО резерв два предмета по выбору                                                 МЦКО резерв русский язык                                                                                                                                       МЦКО резерв математика (углубленный уровень),МЦКО резерв два предмета по выбору                                                 МЦКО резерв русский язык                                                                                                                                       МЦКО резерв математика (углубленный уровень),МЦКО резерв два предмета по выбору                                                 МЦКО резерв русский язык                                                                                                                                       МЦКО резерв математика (углубленный уровень),МЦКО резерв два предмета по выбору                                                 МЦКО резерв русский язык                                                                                                                                       МЦКО резерв математика (углубленный уровень),МЦКО резерв два предмета по выбору                                                 МЦКО резерв русский язык                                                                                                                                       МЦКО резерв математика (углубленный уровень),МЦКО резерв два предмета по выбору                                                 МЦКО резерв русский язык                                                                                                                                       МЦКО резерв математика (углубленный уровень),МЦКО резерв два предмета по выбору                                                 МЦКО резерв русский язык                                                                                                                                       МЦКО резерв математика (углубленный уровень),МЦКО резерв два предмета по выбору                                                 МЦКО резерв русский язык                                                                                                                                       МЦКО резерв математика (углубленный уровень),МЦКО резерв два предмета по выбору                                                 МЦКО резерв русский язык                                                                                                                                       МЦКО резерв математика (углубленный уровень),,,,,,,,,,,,,,,,,,,,,,,,,,,,,,
2024-05-15,среда,,,,,,,,,,,,,,,,,,,,,,,,,,,,,,,,,,,,,,,,,,,,,,,,,,,,,,,,
2024-05-16,четверг,,,,,,,МЦКО  резерв предмет по жеребьевкеМЦКО резерв математика (углубленный уровень)    МЦКО резерв русский язык,МЦКО  резерв предмет по жеребьевкеМЦКО резерв математика (углубленный уровень)    МЦКО резерв русский язык,МЦКО  резерв предмет по жеребьевкеМЦКО резерв математика (углубленный уровень)    МЦКО резерв русский язык,МЦКО  резерв предмет по жеребьевкеМЦКО резерв математика (углубленный уровень)    МЦКО резерв русский язык,МЦКО  резерв предмет по жеребьевкеМЦКО резерв математика (углубленный уровень)    МЦКО резерв русский язык,МЦКО  резерв предмет по жеребьевкеМЦКО резерв математика (углубленный уровень)    МЦКО резерв русский язык,МЦКО  резерв предмет по жеребьевкеМЦКО резерв математика (углубленный уровень)    МЦКО резерв русский язык,МЦКО  резерв предмет по жеребьевкеМЦКО резерв математика (углубленный уровень)    МЦКО резерв русский язык,МЦКО  резерв предмет по жеребьевкеМЦКО резерв математика (углубленный уровень)    МЦКО резерв русский язык,МЦКО  резерв предмет по жеребьевкеМЦКО резерв математика (углубленный уровень)    МЦКО резерв русский язык,,,,,,,,,,,зачет по мехнике,зачет по мехнике,,,зачет по мехнике,зачет по мехнике,,,,,,,,,,,,,,,,,,,,,,,,
2024-05-17,пятница,,,,,,,,,,,,,,,,,,,,,,,,,,,,,,,,,,,,,,,,,,,,,,,,,,,,,,,,
2024-05-18,суббота,,,,,,,,,,,,,,,,,,,,,,,,,,,,,,,,,,,,,,,,,,,,,,,,,,,,,,,,
2024-05-20,понедельник,,,,,,,,,,,,,,,,,,,,,,,,,,,,,,,,,,,,,,,,,,,,,,,,,,,,,,,,
2024-05-21,вторник,,,,,,,,,,,,,,,,,,,,,,,,,,,ОГЭ английский язык,ОГЭ английский язык,ОГЭ английский язык,ОГЭ английский язык,ОГЭ английский язык,ОГЭ английский язык,ОГЭ английский язык,ОГЭ английский язык,ОГЭ английский язык,ОГЭ английский язык,,,,,,,,,,,,,,,,,,,,
2024-05-22,среда,,,,,,,,,,,,,,,,,,,,,,,,,,,,,,,,,,,,,,,,,,,,,,,,,,,,,,,,
2024-05-23,четверг,,,,,,,,,,,,,,,,,,,,,,,,,,,,,,,,,,,,,,,,,,,,,,,,,,,,,,,,
2024-05-24,пятница,,,,,,,,,,,,,,,,,,,,,,,,,,,,,,,,,,,,,,,,,,,,,,,,,,,,,,,,
2024-05-25,суббота,,,,,,,,,,,,,,,,,,,,,,,,,,,,,,,,,,,,,,,,,,,,,,,,,,,,,,,,
2024-05-27,,,,,,,,,,,,,,,,,,,,,,,,,,,,"ОГЭ обществозание, химия, биология, информатика","ОГЭ обществозание, химия, биология, информатика","ОГЭ обществозание, химия, биология, информатика","ОГЭ обществозание, химия, биология, информатика","ОГЭ обществозание, химия, биология, информатика","ОГЭ обществозание, химия, биология, информатика","ОГЭ обществозание, химия, биология, информатика","ОГЭ обществозание, химия, биология, информатика","ОГЭ обществозание, химия, биология, информатика","ОГЭ обществозание, химия, биология, информатика",,,,,,,,,,,,,,,,,,,,
2024-05-28,,,,,,,,,,,,,,,,,,,,,,,,,,,,,,,,,,,,,,,,,,,,,,,,,,,,,,,,,
2024-05-29,,,,,,,,,,,,,,,,,,,,,,,,,,,,,,,,,,,,,,,,,,,,,,,,,,,,,,,,,
2024-05-29,,,,,,,,,,,,,,,,,,,,,,,,,,,,,,,,,,,,,,,,,,,,,,,,,,,,,,,,,
2024-05-30,,,,,,,,,,,,,,,,,,,,,,,,,,,,ОГЭ физика,ОГЭ физика,ОГЭ физика,ОГЭ физика,ОГЭ физика,ОГЭ физика,ОГЭ физика,ОГЭ физика,ОГЭ физика,ОГЭ физика,,,,,,,,,,,,,,,,,,,,
2024-05-31,,,,,,,,,,,,,,,,,,,,,,,,,,,,,,,,,,,,,,,,,,,,,,,,,,,,,,,,,
2024-06-01,,,,,,,,,,,,,,,,,,,,,,,,,,,,,,,,,,,,,,,,,,,,,,,,,,,,,,,,,
2024-06-03,,,,,,,,,,,,,,,,,,,,,,,,,,,,ОГЭ русский язык,ОГЭ русский язык,ОГЭ русский язык,ОГЭ русский язык,ОГЭ русский язык,ОГЭ русский язык,ОГЭ русский язык,ОГЭ русский язык,ОГЭ русский язык,ОГЭ русский язык,,,,,,,,,,,,,,,,,,,,
2024-06-04,,,,,,,,,,,,,,,,,,,,,,,,,,,,,,,,,,,,,,,,,,,,,,,,,,,,,,,,,
2024-06-05,,,,,,,,,,,,,,,,,,,,,,,,,,,,,,,,,,,,,,,,,,,,,,,,,,,,,,,,,
2024-06-06,,,,,,,,,,,,,,,,,,,,,,,,,,,,ОГЭ математика,ОГЭ математика,ОГЭ математика,ОГЭ математика,ОГЭ математика,ОГЭ математика,ОГЭ математика,ОГЭ математика,ОГЭ математика,ОГЭ математика,,,,,,,,,,,,,,,,,,,,
2024-06-07,,,,,,,,,,,,,,,,,,,,,,,,,,,,,,,,,,,,,,,,,,,,,,,,,,,,,,,,,
2024-06-08,,,,,,,,,,,,,,,,,,,,,,,,,,,,,,,,,,,,,,,,,,,,,,,,,,,,,,,,,
2024-06-10,,,,,,,,,,,,,,,,,,,,,,,,,,,,,,,,,,,,,,,,,,,,,,,,,,,,,,,,,
2024-06-11,,,,,,,,,,,,,,,,,,,,,,,,,,,,ОГЭ физика,ОГЭ физика,ОГЭ физика,ОГЭ физика,ОГЭ физика,ОГЭ физика,ОГЭ физика,ОГЭ физика,ОГЭ физика,ОГЭ физика,,,,,,,,,,,,,,,,,,,,
2024-06-13,,,,,,,,,,,,,,,,,,,,,,,,,,,,,,,,,,,,,,,,,,,,,,,,,,,,,,,,,
2024-06-14,,,,,,,,,,,,,,,,,,,,,,,,,,,,ОГЭ физика,ОГЭ физика,ОГЭ физика,ОГЭ физика,ОГЭ физика,ОГЭ физика,ОГЭ физика,ОГЭ физика,ОГЭ физика,ОГЭ физика,,,,,,,,,,,,,,,,,,,,
2024-06-15,,,,,,,,,,,,,,,,,,,,,,,,,,,,,,,,,,,,,,,,,,,,,,,,,,,,,,,,,
